{"cameraMode":{"drawMode":0,"name":"Shaded","section":"Shading Mode"},"sceneLighting":true,"audioPlay":false,"sceneViewState":{"m_AlwaysRefresh":false,"showFog":true,"showSkybox":true,"showFlares":true,"showImageEffects":true,"showParticleSystems":true,"showVisualEffectGraphs":true,"m_FxEnabled":true},"in2DMode":false,"pivot":{"x":0.3282690942287445,"y":-10.496145248413086,"z":14.399154663085938},"rotation":{"x":0.25019440054893496,"y":0.011618459597229958,"z":-0.0030021711718291046,"w":0.9681292176246643},"size":14.813555717468262,"orthographic":false}